<?xml version="1.0" encoding="UTF-8" standalone="yes"?><ns3:ITR xmlns="http://incometaxindiaefiling.gov.in/master" xmlns:ns2="http://incometaxindiaefiling.gov.in/ITR1" xmlns:ns3="http://incometaxindiaefiling.gov.in/main"><ns2:ITR1><Form_ITR1><FormName>ITR-1</FormName><AssessmentYear>2019</AssessmentYear></Form_ITR1><PersonalInfo><AssesseeName><FirstName>Abhishek</FirstName><SurNameOrOrgName>Sehgal</SurNameOrOrgName></AssesseeName><PAN>BZYPS2488A</PAN><Address><ResidenceNo>121</ResidenceNo><RoadOrStreet>Road 3</RoadOrStreet><LocalityOrArea>Model Town</LocalityOrArea><CityOrTownOrDistrict>East Delhi</CityOrTownOrDistrict><StateCode>9</StateCode><CountryCode>91</CountryCode><PinCode>110041</PinCode><Phone/><MobileNo>9635352612</MobileNo><MobileNoSec>7898456985</MobileNoSec><EmailAddress>abhishek.sehgal@gmail.com</EmailAddress><EmailAddressSec>abhishek@gmail.com</EmailAddressSec></Address><DOB>06/24/1986</DOB><Gender>M</Gender><Status>P</Status><AadhaarCardNo>Abhishek</AadhaarCardNo></PersonalInfo><FilingStatus><ReturnFileSec>11</ReturnFileSec></FilingStatus><ITR1_IncomeDeductions><Salary>1437361</Salary><AllwncExemptUs10><AllwncExemptUs10Dtls><SalNatureDesc>10(13A)</SalNatureDesc><SalOthAmount>291750</SalOthAmount></AllwncExemptUs10Dtls></AllwncExemptUs10><DeductionUs16ia>40000</DeductionUs16ia><TotalIncomeOfHP>0</TotalIncomeOfHP><IncomeOthSrc>0</IncomeOthSrc><OthersInc/><UsrDeductUndChapVIA><Section80C>150000</Section80C></UsrDeductUndChapVIA></ITR1_IncomeDeductions><ITR1_TaxComputation/><Refund><BankAccountDtls><AddtnlBankDetails><IFSCCode>HDFC0001343</IFSCCode><BankName>HDFC BANK</BankName><BankAccountNo>2565456988</BankAccountNo><UseForRefund>false</UseForRefund></AddtnlBankDetails></Refund><TDSonSalaries><TDSonSalary><EmployerOrDeductorOrCollectDetl><TAN>RTKR08677E</TAN><EmployerOrDeductorOrCollecterName>RBS SERVICES INDIA PRIVATE LIMITED</EmployerOrDeductorOrCollecterName></EmployerOrDeductorOrCollectDetl><IncChrgSal>1437361</IncChrgSal><TotalTDSSal> 99078</TotalTDSSal></TDSonSalary></TDSonSalaries><Verification><Declaration><AssesseeVerName>Abhishek Sehgal</AssesseeVerName><AssesseeVerPAN>BZYPS2488A</AssesseeVerPAN></Declaration></Verification></ns2:ITR1></ns3:ITR>