<?xml version="1.0" encoding="UTF-8" standalone="yes"?><ns3:ITR xmlns="http://incometaxindiaefiling.gov.in/master" xmlns:ns2="http://incometaxindiaefiling.gov.in/ITR1" xmlns:ns3="http://incometaxindiaefiling.gov.in/main"><ns2:ITR1><Form_ITR1><FormName>ITR-1</FormName><AssessmentYear>2019</AssessmentYear></Form_ITR1><PersonalInfo><AssesseeName><FirstName>Gurpreet</FirstName><SurNameOrOrgName>Singh</SurNameOrOrgName></AssesseeName><PAN>BRYPS7501L</PAN><Address><ResidenceNo>64</ResidenceNo><RoadOrStreet>FF</RoadOrStreet><LocalityOrArea>Subhash Nagar</LocalityOrArea><CityOrTownOrDistrict>West Delhi</CityOrTownOrDistrict><StateCode>9</StateCode><CountryCode>91</CountryCode><PinCode>110027</PinCode><Phone/><MobileNo>9810695016</MobileNo><MobileNoSec>8800654503</MobileNoSec><EmailAddress>13gurpreetsingh@gmail.com</EmailAddress><EmailAddressSec>test@gmail.com</EmailAddressSec></Address><DOB>08/31/1985</DOB><Gender>M</Gender><Status>P</Status><AadhaarCardNo>Gurpreet</AadhaarCardNo></PersonalInfo><FilingStatus><ReturnFileSec>11</ReturnFileSec></FilingStatus><ITR1_IncomeDeductions><Salary>1437361</Salary><AllwncExemptUs10><AllwncExemptUs10Dtls><SalNatureDesc>10(13A)</SalNatureDesc><SalOthAmount>291750</SalOthAmount></AllwncExemptUs10Dtls></AllwncExemptUs10><DeductionUs16ia>40000</DeductionUs16ia><TotalIncomeOfHP>0</TotalIncomeOfHP><IncomeOthSrc>0</IncomeOthSrc><OthersInc/><UsrDeductUndChapVIA><Section80C>150000</Section80C></UsrDeductUndChapVIA></ITR1_IncomeDeductions><ITR1_TaxComputation/><Refund><BankAccountDtls><AddtnlBankDetails><IFSCCode>HDFC0001343</IFSCCode><BankName>HDFC BANK</BankName><BankAccountNo>898657565</BankAccountNo><UseForRefund>false</UseForRefund></AddtnlBankDetails></Refund><TDSonSalaries><TDSonSalary><EmployerOrDeductorOrCollectDetl><TAN>RTKR08677E</TAN><EmployerOrDeductorOrCollecterName>RBS SERVICES INDIA PRIVATE LIMITED</EmployerOrDeductorOrCollecterName></EmployerOrDeductorOrCollectDetl><IncChrgSal>1437361</IncChrgSal><TotalTDSSal> 99078</TotalTDSSal></TDSonSalary></TDSonSalaries><Verification><Declaration><AssesseeVerName>Gurpreet Singh</AssesseeVerName><AssesseeVerPAN>BRYPS7501L</AssesseeVerPAN></Declaration></Verification></ns2:ITR1></ns3:ITR>