<?xml version="1.0" encoding="UTF-8" standalone="yes"?><ns3:ITR xmlns="http://incometaxindiaefiling.gov.in/master" xmlns:ns2="http://incometaxindiaefiling.gov.in/ITR1" xmlns:ns3="http://incometaxindiaefiling.gov.in/main"><ns2:ITR1><Form_ITR1><FormName>ITR-1</FormName><AssessmentYear>2019</AssessmentYear></Form_ITR1><PersonalInfo><AssesseeName><FirstName>Manish</FirstName><SurNameOrOrgName>Kumar</SurNameOrOrgName></AssesseeName><PAN>BBRPK5529D</PAN><Address><ResidenceNo>34</ResidenceNo><RoadOrStreet></RoadOrStreet><LocalityOrArea>Gurgaon</LocalityOrArea><CityOrTownOrDistrict>Haryana</CityOrTownOrDistrict><StateCode>7</StateCode><CountryCode>91</CountryCode><PinCode>110002</PinCode><Phone/><MobileNo>9865456258</MobileNo><MobileNoSec>8695954565</MobileNoSec><EmailAddress>manishkumar@gmail.com</EmailAddress><EmailAddressSec>manish@gmail.com</EmailAddressSec></Address><DOB>12/07/1988</DOB><Gender>M</Gender><Status>P</Status><AadhaarCardNo>Manish</AadhaarCardNo></PersonalInfo><FilingStatus><ReturnFileSec>11</ReturnFileSec></FilingStatus><ITR1_IncomeDeductions><Salary>1437361</Salary><AllwncExemptUs10><AllwncExemptUs10Dtls><SalNatureDesc>10(13A)</SalNatureDesc><SalOthAmount>291750</SalOthAmount></AllwncExemptUs10Dtls></AllwncExemptUs10><DeductionUs16ia>40000</DeductionUs16ia><TotalIncomeOfHP>0</TotalIncomeOfHP><IncomeOthSrc>0</IncomeOthSrc><OthersInc/><UsrDeductUndChapVIA><Section80C>150000</Section80C></UsrDeductUndChapVIA></ITR1_IncomeDeductions><ITR1_TaxComputation/><Refund><BankAccountDtls><AddtnlBankDetails><IFSCCode>HDFC0001343</IFSCCode><BankName>HDFC BANK</BankName><BankAccountNo>36595875554</BankAccountNo><UseForRefund>false</UseForRefund></AddtnlBankDetails></Refund><TDSonSalaries><TDSonSalary><EmployerOrDeductorOrCollectDetl><TAN>RTKR08677E</TAN><EmployerOrDeductorOrCollecterName>RBS SERVICES INDIA PRIVATE LIMITED</EmployerOrDeductorOrCollecterName></EmployerOrDeductorOrCollectDetl><IncChrgSal>1437361</IncChrgSal><TotalTDSSal> 99078</TotalTDSSal></TDSonSalary></TDSonSalaries><Verification><Declaration><AssesseeVerName>Manish Kumar</AssesseeVerName><AssesseeVerPAN>BBRPK5529D</AssesseeVerPAN></Declaration></Verification></ns2:ITR1></ns3:ITR>