<?xml version="1.0" encoding="UTF-8" standalone="yes"?><ns3:ITR xmlns="http://incometaxindiaefiling.gov.in/master" xmlns:ns2="http://incometaxindiaefiling.gov.in/ITR1" xmlns:ns3="http://incometaxindiaefiling.gov.in/main"><ns2:ITR1><Form_ITR1><FormName>ITR-1</FormName><AssessmentYear>2019</AssessmentYear></Form_ITR1><PersonalInfo><AssesseeName><FirstName>MyFirstName</FirstName><SurNameOrOrgName>MyLastName</SurNameOrOrgName></AssesseeName><PAN>MyPAN</PAN><Address><ResidenceNo>MyHome</ResidenceNo><RoadOrStreet>MyRoad</RoadOrStreet><LocalityOrArea>MyArea</LocalityOrArea><CityOrTownOrDistrict>MyCity</CityOrTownOrDistrict><StateCode>MyStateCode</StateCode><CountryCode>MyCountryCode</CountryCode><PinCode>MyPinCode</PinCode><Phone/><MobileNo>MyCell1</MobileNo><MobileNoSec>MyCell2</MobileNoSec><EmailAddress>MyEmail1</EmailAddress><EmailAddressSec>MyEmail2</EmailAddressSec></Address><DOB>MyDOB</DOB><Gender>M</Gender><Status>P</Status><AadhaarCardNo>MyAadhaar</AadhaarCardNo></PersonalInfo><FilingStatus><ReturnFileSec>11</ReturnFileSec></FilingStatus><ITR1_IncomeDeductions><Salary>MySalary</Salary><AllwncExemptUs10><AllwncExemptUs10Dtls><SalNatureDesc>10(13A)</SalNatureDesc><SalOthAmount>MySection10</SalOthAmount></AllwncExemptUs10Dtls></AllwncExemptUs10><DeductionUs16ia>40000</DeductionUs16ia><TotalIncomeOfHP>0</TotalIncomeOfHP><IncomeOthSrc>0</IncomeOthSrc><OthersInc/><UsrDeductUndChapVIA><Section80C>MySection80C</Section80C></UsrDeductUndChapVIA></ITR1_IncomeDeductions><ITR1_TaxComputation/><Refund><BankAccountDtls><AddtnlBankDetails><IFSCCode>HDFC0001343</IFSCCode><BankName>HDFC BANK</BankName><BankAccountNo>MyAccount</BankAccountNo><UseForRefund>false</UseForRefund></AddtnlBankDetails></Refund><TDSonSalaries><TDSonSalary><EmployerOrDeductorOrCollectDetl><TAN>RTKR08677E</TAN><EmployerOrDeductorOrCollecterName>RBS SERVICES INDIA PRIVATE LIMITED</EmployerOrDeductorOrCollecterName></EmployerOrDeductorOrCollectDetl><IncChrgSal>MySalary</IncChrgSal><TotalTDSSal>MyTax</TotalTDSSal></TDSonSalary></TDSonSalaries><Verification><Declaration><AssesseeVerName>MyFullName</AssesseeVerName><AssesseeVerPAN>MyPAN</AssesseeVerPAN></Declaration></Verification></ns2:ITR1></ns3:ITR>