<?xml version="1.0" encoding="UTF-8" standalone="yes"?><ns3:ITR xmlns="http://incometaxindiaefiling.gov.in/master" xmlns:ns2="http://incometaxindiaefiling.gov.in/ITR1" xmlns:ns3="http://incometaxindiaefiling.gov.in/main"><ns2:ITR1><Form_ITR1><FormName>ITR-1</FormName><AssessmentYear>2019</AssessmentYear></Form_ITR1><PersonalInfo><AssesseeName><FirstName>MANISH</FirstName><SurNameOrOrgName>KUMAR</SurNameOrOrgName></AssesseeName><PAN>BBRPK5529D</PAN><Address><ResidenceNo>H.NO - CC-61, CHAMPIA COLONY</ResidenceNo><RoadOrStreet>Cross Road 22</RoadOrStreet><LocalityOrArea>Bhalubasa</LocalityOrArea><CityOrTownOrDistrict>EAST SINGHBHUM</CityOrTownOrDistrict><StateCode>35</StateCode><CountryCode>91</CountryCode><PinCode>831009</PinCode><Phone/><MobileNo>8851853125</MobileNo><MobileNoSec>8986875460</MobileNoSec><EmailAddress>manish.kumar0525@gmail.com</EmailAddress><EmailAddressSec>manishkumar_25@yahoo.com</EmailAddressSec></Address><DOB>1984-05-25</DOB><Gender>M</Gender><Status>P</Status><AadhaarCardNo>762869458237</AadhaarCardNo></PersonalInfo><FilingStatus><ReturnFileSec>11</ReturnFileSec></FilingStatus><ITR1_IncomeDeductions><AllwncExemptUs10/><DeductionUs16ia>40000</DeductionUs16ia><TotalIncomeOfHP>0</TotalIncomeOfHP><IncomeOthSrc>0</IncomeOthSrc><OthersInc><OthersIncDtlsOthSrc><OthSrcNatureDesc>IFD</OthSrcNatureDesc><OthSrcOthAmount>41596</OthSrcOthAmount></OthersIncDtlsOthSrc></OthersInc><UsrDeductUndChapVIA/></ITR1_IncomeDeductions><ITR1_TaxComputation/><Refund><BankAccountDtls><AddtnlBankDetails><IFSCCode>HDFC0002549</IFSCCode><BankName>HDFC BANK</BankName><BankAccountNo>50100038956161</BankAccountNo><UseForRefund>false</UseForRefund></AddtnlBankDetails><AddtnlBankDetails><IFSCCode>HDFC0000190</IFSCCode><BankName>HDFC BANK</BankName><BankAccountNo>01901140003778</BankAccountNo><UseForRefund>false</UseForRefund></AddtnlBankDetails></BankAccountDtls></Refund><TDSonSalaries><TDSonSalary><EmployerOrDeductorOrCollectDetl><TAN>MUMT11446B</TAN><EmployerOrDeductorOrCollecterName>TATA CONSULTANCY SERVICES LIMITED</EmployerOrDeductorOrCollecterName></EmployerOrDeductorOrCollectDetl><IncChrgSal>951700</IncChrgSal><TotalTDSSal>66355</TotalTDSSal></TDSonSalary></TDSonSalaries><TDSonOthThanSals><TDSonOthThanSal><EmployerOrDeductorOrCollectDetl><TAN>MUMH03189E</TAN><EmployerOrDeductorOrCollecterName>HDFC BANK LIMITED</EmployerOrDeductorOrCollecterName></EmployerOrDeductorOrCollectDetl><AmtForTaxDeduct>29911</AmtForTaxDeduct><DeductedYr>2018</DeductedYr><RcptDtls26AS>29911</RcptDtls26AS><TotTDSOnAmtPaid>1166</TotTDSOnAmtPaid><ClaimOutOfTotTDSOnAmtPaid>1166</ClaimOutOfTotTDSOnAmtPaid></TDSonOthThanSal><TDSonOthThanSal><EmployerOrDeductorOrCollectDetl><TAN>MUMS89571G</TAN><EmployerOrDeductorOrCollecterName>STATE BANK OF INDIA</EmployerOrDeductorOrCollecterName></EmployerOrDeductorOrCollectDetl><AmtForTaxDeduct>11685</AmtForTaxDeduct><DeductedYr>2018</DeductedYr><RcptDtls26AS>11685</RcptDtls26AS><TotTDSOnAmtPaid>1169</TotTDSOnAmtPaid><ClaimOutOfTotTDSOnAmtPaid>1169</ClaimOutOfTotTDSOnAmtPaid></TDSonOthThanSal></TDSonOthThanSals><Verification><Declaration><AssesseeVerName>MANISH KUMAR</AssesseeVerName><FatherName>ANANDI PRASAD SINGH</FatherName><AssesseeVerPAN>BBRPK5529D</AssesseeVerPAN></Declaration></Verification></ns2:ITR1></ns3:ITR>