<?xml version="1.0" encoding="UTF-8" standalone="yes"?><ns2:ITR xmlns="http://incometaxindiaefiling.gov.in/master" xmlns:ns2="http://incometaxindiaefiling.gov.in/main"><PersonalInfo><AssesseeName><FirstName>GURPREET</FirstName><SurNameOrOrgName>SINGH</SurNameOrOrgName></AssesseeName><PAN>BRYPS7501L</PAN><DOB>1985-08-31</DOB><Status>I</Status></PersonalInfo><TDSonSalaries><TDSonSalary><EmployerOrDeductorOrCollectDetl><TAN>RTKC01252G</TAN><EmployerOrDeductorOrCollecterName>RBS INDIA DEVELOPMENT CENTRE PRIVATE LIMITED</EmployerOrDeductorOrCollecterName></EmployerOrDeductorOrCollectDetl><IncChrgSal>970118</IncChrgSal><TotalTDSSal>67154</TotalTDSSal></TDSonSalary></TDSonSalaries></ns2:ITR>