<?xml version="1.0" encoding="UTF-8" standalone="yes"?><ns3:ITR xmlns="http://incometaxindiaefiling.gov.in/master" xmlns:ns2="http://incometaxindiaefiling.gov.in/ITR1" xmlns:ns3="http://incometaxindiaefiling.gov.in/main"><ns2:ITR1><Form_ITR1><FormName>ITR-1</FormName><AssessmentYear>2019</AssessmentYear></Form_ITR1><PersonalInfo><AssesseeName><FirstName>GURPREET</FirstName><SurNameOrOrgName>SINGH</SurNameOrOrgName></AssesseeName><PAN>BRYPS7501L</PAN><Address><ResidenceNo>7/64</ResidenceNo><RoadOrStreet>First Floor</RoadOrStreet><LocalityOrArea>Subhash Nagar</LocalityOrArea><CityOrTownOrDistrict>WEST DELHI</CityOrTownOrDistrict><StateCode>09</StateCode><CountryCode>91</CountryCode><PinCode>110027</PinCode><Phone/><MobileNo>9810695016</MobileNo><MobileNoSec>8800654503</MobileNoSec><EmailAddress>13gurpreetsingh@gmail.com</EmailAddress><EmailAddressSec>13charanpreetkaur@gmail.com</EmailAddressSec></Address><DOB>1985-08-31</DOB><Gender>M</Gender><Status>P</Status><AadhaarCardNo>631256061022</AadhaarCardNo></PersonalInfo><FilingStatus><ReturnFileSec>11</ReturnFileSec></FilingStatus><ITR1_IncomeDeductions><Salary>1437361</Salary><AllwncExemptUs10><AllwncExemptUs10Dtls><SalNatureDesc>10(13A)</SalNatureDesc><SalOthAmount>291750</SalOthAmount></AllwncExemptUs10Dtls></AllwncExemptUs10><DeductionUs16ia>40000</DeductionUs16ia><TotalIncomeOfHP>0</TotalIncomeOfHP><IncomeOthSrc>0</IncomeOthSrc><OthersInc/><UsrDeductUndChapVIA><Section80C>150000</Section80C></UsrDeductUndChapVIA></ITR1_IncomeDeductions><ITR1_TaxComputation/><Refund><BankAccountDtls><AddtnlBankDetails><IFSCCode>HDFC0001343</IFSCCode><BankName>HDFC BANK</BankName><BankAccountNo>50100112043110</BankAccountNo><UseForRefund>false</UseForRefund></AddtnlBankDetails><AddtnlBankDetails><IFSCCode>HDFC0002852</IFSCCode><BankName>HDFC BANK</BankName><BankAccountNo>50100166157581</BankAccountNo><UseForRefund>false</UseForRefund></AddtnlBankDetails><AddtnlBankDetails><IFSCCode>SBIN0000733</IFSCCode><BankName>STATE BANK OF INDIA</BankName><BankAccountNo>00000032762567736</BankAccountNo><UseForRefund>false</UseForRefund></AddtnlBankDetails></BankAccountDtls></Refund><TDSonSalaries><TDSonSalary><EmployerOrDeductorOrCollectDetl><TAN>RTKR08677E</TAN><EmployerOrDeductorOrCollecterName>RBS SERVICES INDIA PRIVATE LIMITED</EmployerOrDeductorOrCollecterName></EmployerOrDeductorOrCollectDetl><IncChrgSal>1437361</IncChrgSal><TotalTDSSal>99078</TotalTDSSal></TDSonSalary></TDSonSalaries><Verification><Declaration><AssesseeVerName>GURPREET SINGH</AssesseeVerName><FatherName>PARAMJIT SINGH</FatherName><AssesseeVerPAN>BRYPS7501L</AssesseeVerPAN></Declaration></Verification></ns2:ITR1></ns3:ITR>